id,student_number,year,time_1,time_2,people,age,intrusiveness
1,4c21efd175de0cbc672f73b01d9e3e007ef4824c,1,11:50:05,11:53:10,70,10,11
2,c73379e7a55b2ed6cb0723d223b0aeb18ba18414,1,11:50:15,11:52:18,18,10,2
3,688a4ca2ff15d0094e9839a64e6ebf43ed47879c,1,11:48:00,11:53:00,29,8,8
4,ad307ea4162ac7cd141298dd95b05cbdcc395336,1,11:49:50,11:53:40,30,3,15
5,e7be41ae619bf90ac36d6b5afd00ae68922e3ac4,1,11:49:55,11:53:45,118,12,10
6,8122eec45f26f500b97ae2f0f1a422765a856a91,1,11:49:00,11:55:00,90,10,6
7,ea8c2a2c984191ea5ed05fc6433932cb24e6427e,1,11:49:15,11:54:30,15,11,21
8,6ef894501c9215c6ae4e3d4bd4a658feda79b853,1,11:46:51,11:51:24,6,3,15
9,11fa4363ec9b14b586d5d21471a47fa12e92218d,1,11:47:00,11:48:00,40,4,7
10,361d4cba3d52f3ed16c122f938527faf255977a4,1,11:46:30,11:54:55,60,13,10
11,965bb8e393ec2a6db27f7030ff85170eb2fc6825,1,11:44:39,11:49:20,60,9,20
12,688a4ca2ff15d0094e9839a64e6ebf43ed47879c,2,17:56:00,18:01:00,40,5,8
13,a836999d18aac28e427d5ecebf86b7da79103732,2,17:55:00,18:00:00,40,10,20
14,edbbb98505e06698f77c02e434456706fefbc9a6,2,17:56:25,18:01:35,40,11,9
15,7e4ccc8ddac4304c75f17dcb117bc02b1c493733,2,17:55:00,18:00:00,40,8,17
16,0fc0cb4f21cae8a36f25eadfffffb07ceb32e721,2,17:55:00,18:00:00,30,6,10
17,11fa4363ec9b14b586d5d21471a47fa12e92218d,2,17:54:00,17:55:00,40,5,7
18,4c21efd175de0cbc672f73b01d9e3e007ef4824c,2,17:55:00,17:58:00,90,11,14
19,5103998213d65435ff532cda5aff9fcc34862d13,2,17:54:00,17:57:00,50,10,3
20,6ef894501c9215c6ae4e3d4bd4a658feda79b853,2,17:54:32,17:57:51,85,13,12
21,361d4cba3d52f3ed16c122f938527faf255977a4,2,17:55:08,17:59:40,43,13,5
22,df534ecd14202dc83b97d7357397b467bf0e640d,2,17:52:00,17:55:00,60,10,5
23,b58cb5cd3d91ca5a1a2b351eb6a8d33ca83f15dc,2,17:52:00,17:55:00,40,14,4
24,7ea587027d9c9c30193576f282ef39328082b2d9,2,17:55:00,17:58:00,40,8,4
25,0f58d5a5515f1a8a9d179aa58858b67b2f8a3388,2,17:56:00,18:02:00,40,7,8
26,0f39023d214eb580f7888550047649c205006f35,4,16:35:00,16:39:00,80,15,10
27,c046693d9af7fed4f2bf25706c35cab6abd69fb2,4,16:35:00,16:38:00,70,11,1
28,e3ac5d5ddab4ecf916eab2a27e297a1a0a9b86c0,4,16:35:00,16:40:00,1,11,3
29,bfb9d7610b13b94c6107dee6b0c2c8e339ceb0a5,4,16:35:00,16:40:00,10,10,5
94,05b56cb43eb8bd8ae83b04bf6faf69c367e4e576,6,19:11:15,19:15:15,20,7,6
95,cc7c7a425a611f0614ce8867df5432356308c47c,6,19:18:00,19:21:00,10,11,10
97,12ac11b7c9f55a871ac337a8199d6db1ab660202,6,19:10:05,19:13:24,30,6,7
98,99410ca81a3d2065da173a5123c081918941d47c,6,19:11:30,19:13:01,0,5,2
99,3d4e218b42279d43eff29b9f14cc42084d9be3a3,6,19:14:35,19:15:30,50,11,11
100,2f04c6027b44c3a49a4690b06273f006297d0ddd,6,19:10:00,19:13:00,40,10,11
101,1b61b40ada3f4d533c10a087b42eb922a4044449,6,19:11:00,19:12:59,40,6,10
102,2c458829fb4835cec11b0b8069ea6030a62a6eb2,6,19:06:30,19:10:30,30,11,11
103,cc937f4892d262ca607d2858d9aa91138ea97970,7,14:35:00,14:36:00,40,10,1
104,ae6fff7b4d90e9c9069d308a06e3288bf3e52de8,7,14:34:00,14:36:00,80,11,8
105,6c95c5b53566f7df941138181e1475d30fbd7b39,7,14:34:00,14:36:00,0,19,11
106,ffd3e7f59dde44fb203ce16b5da63c22f2922f4e,7,14:34:56,14:36:37,0,11,2
107,2dac88111dfa0ceabcf9cdb35926cafbedb565d8,7,14:34:40,14:35:43,0,10,20
108,c42dd7401d287ff84a266a0487b2a09818afee31,7,14:35:05,14:37:00,20,5,1
110,00ad36b687fdcd2c99c49038826b07bc76c441ff,7,14:35:00,14:36:00,15,11,6
111,bb69e9a98b7650f01d40bd43789796c8730fc926,7,14:35:00,14:38:00,40,10,1
112,e40602b3fb3e5628269aeac48affe61256900d20,7,14:35:00,14:38:00,55,9,1
113,f96a48ae6a836a731266b4a0583202a64cfd1b4c,7,14:30:00,14:45:00,100,15,20
114,270686a66abdde79d79e3c1863fea81f34bb7795,7,14:34:35,14:35:40,40,10,6
115,3855786bdf8946cd8d1aa875448ec5bcdce6e5d4,7,14:34:35,14:35:40,5,10,10
116,a345eeed710df734b6261ca281b153f513b42574,7,14:35:00,14:36:00,20,11,1
117,01b5f7c30d4e60086027000233659eec14672b75,7,14:35:00,14:38:00,15,2,4
118,a027edb1f2fb20e10d8ffa0a6da8759aebcd60e5,7,14:35:00,14:40:00,28,10,11
119,3ca1712937de09fde4e2cd52012046fc2d89b2ef,7,14:35:00,14:38:00,25,9,10
120,c33511f9b6060250c646eb6f565b5b7d69921188,7,14:35:16,14:38:26,20,3,4
121,5f4a2df4f6d5d643562b29e3400f68302d2d8e9d,7,14:35:00,14:38:00,45,11,1
122,132493f71b2338d162df194e06a539c687429589,7,14:35:00,14:37:00,30,8,8
123,8e854e87d149dad76a06dbd3c9fe5c35cb41161b,7,14:35:00,14:41:00,20,8,1
124,fe656848d9af436e1c7365b95e95e14dc302b6db,7,14:35:00,14:41:00,30,8,5
30,eb8f9449db437a4c0083f67219c480f863eb7b3f,3,10:00:34,10:02:51,60,9,7
31,6fb2c528e912e730d5fc21ef551cc3e7bd31876e,3,09:58:00,10:00:00,30,10,1
32,0937fa085abc6e33cc0dcfe60d3fab5e75f08ce0,3,09:58:00,10:00:00,50,11,1
33,376c30cc2fc1901965be1adbcc83191e488ce560,3,10:00:42,10:01:51,60,9,13
34,228c76e90b30b0adc226e1a6232df2b89eff0e4e,3,10:00:59,10:05:36,40,4,12
35,66cc2b1473d0c4c8f9cbddba97451c1218c31274,3,10:01:00,10:05:00,60,10,10
36,33db2228da327b9fde217430e4c02582d52122f9,3,10:00:34,10:02:12,45,16,17
37,eff67ba69a06b674749f4470b6328e3a0b022d54,3,10:01:00,10:03:00,75,12,8
38,8a8d2e1160b0a8579aed152e9763c3ed0abeeb8c,3,10:00:00,10:02:00,15,8,5
39,3cb1f69468c959541f83c6d15073163c0d23f644,3,10:00:00,10:02:00,18,12,1
40,82ec7a1a51636d4d42222331e250c6cb78e51de7,3,09:59:58,10:01:59,5,5,3
41,9693c966c54c5a09e1fa7e05b50f96916c73e0ef,3,10:00:00,10:02:00,30,11,2
42,841dfa9fab2974326a8c718626bcb80738f19d0a,3,10:00:00,10:02:00,50,16,3
43,b03a254677c80a983f4d6a2be7dad1f42a61167f,3,10:00:00,10:00:00,50,16,1
44,9d183f99c1dd20b5ea9bcc1c06a6eb5bb7f2f3de,3,10:00:00,10:02:00,40,10,14
45,6fdfe31256eab4d2e89c0b592d56b543b2694305,3,10:00:00,10:05:00,40,10,5
46,51da40e66cd06b68796a5bb170547e51fd083d99,3,10:00:00,10:03:00,30,11,10
47,6aae5ca0c6946c7b91816c20eb47758ac152eaa3,3,10:00:23,10:02:18,18,10,20
48,c84860e902dddb110097ae45c88fccd5a8dbe43e,3,10:00:00,10:03:00,60,16,11
49,b64c3e89d10f3195320690e1e6ee47955faed465,3,10:00:00,10:04:00,60,16,7
50,a0a3e6c4bbaa207bdb369642ca526430929174a5,3,09:59:59,10:03:05,5,3,4
51,a18ff89df2744c6a3951e1b04c7b6ac32db3723b,3,10:00:00,10:04:30,80,11,8
52,8ba74a72296a24133eea76e7ff7ee92dddc0a6c8,3,09:58:48,10:02:32,50,1,10
53,a2c0534e093a4dedc64b1f0e45f83f89c0108953,3,10:00:00,10:04:00,40,13,15
54,9ab8e4a357c5415cddc86a81998ce98da22ba868,3,10:00:00,10:03:00,40,10,1
55,0f58d5a5515f1a8a9d179aa58858b67b2f8a3388,3,09:58:00,10:02:00,40,5,7
56,f60b770b2b3910a49b3349d00be79d56911f0f26,5,09:34:03,09:37:40,30,11,5
57,8eb6df316fe10dfe250346ffecaeed414a483e9a,5,09:34:00,09:36:00,20,7,15
58,3c3a8482fc27025a7a5b384c4c17978713a354db,5,09:30:00,09:33:00,20,6,5
59,d98f63e021585d4ecb68223e9e26bc5a364f0f61,5,09:29:00,09:31:00,20,3,1
60,f269f41ad6e721bb046ac28ab87cefbeba8ab3d2,5,09:35:30,09:36:45,20,6,4
64,6b816fae1c3733d8b30011c68477941283697ee3,5,09:34:00,09:36:00,30,8,7
65,429fbd3acf9ae8588f436035ca921a3d36ae0ae5,5,09:29:00,09:42:00,20,9,1
66,f0bc1851c2b64232d60dc4c314cbe75aa6124e03,5,09:30:00,09:33:00,22,11,4
67,217ede9095be278c114d5496bdcf42750d1655a0,5,09:39:00,09:42:00,10,8,6
68,589c587c17c520cb7f727f442b762693a32fddec,5,09:34:00,09:36:00,40,14,15
69,d2fb2e677fa6aa4a36c6dbcfb33ef5cb0facf332,5,09:30:00,09:33:00,40,4,6
70,07d1833706f1dc12479c6e9738ea5e2b9f20fca0,5,09:36:19,09:40:00,30,5,1
71,4fe76e2353ece57a4ee7069506b525597f8ee5e7,5,09:36:30,09:39:30,30,10,1
72,8b11c6d53d770d9c7dd507cab22d5f691e26bcdc,5,09:40:00,09:44:00,10,10,6
73,a9ea7d2eacb9faa6ce3756b865a1671df519e9b8,5,09:34:03,09:37:40,34,6,4
74,bf8fc56a1b9cfc9192ad6430624a911cdacdb41b,5,09:38:00,09:40:00,30,3,1
75,5d3f2d1bdee96f06f05e0bd32800c22f189cdadc,5,09:36:00,09:38:00,30,6,5
76,6b99092afd7056af7e167ac33bf68841a9a11d0e,5,09:34:00,09:39:00,30,3,6
77,8e91128f8e24876b1bc2cc200d638634a922d50c,5,09:35:00,09:40:55,42,10,10
78,4ab61ac49e47d4d33ea5f4ebb1ac6c84cb5b6039,5,09:36:00,09:41:00,30,9,11
79,4e885216ce5fd7e0945236030d8b5c5fc3cccbe6,5,09:36:00,09:40:00,30,7,5
80,acac630af110626f8034fda62f21e7a22e9e8ff5,5,09:35:54,09:38:15,50,11,15
81,819e294eb9586f5112153c23c8682ef542060074,5,09:36:00,09:43:00,30,5,10
82,d29d0c0ce1013d57aee69748695906ae26eaddb7,5,09:30:00,09:33:00,50,4,14
84,1ff4a897d5fbb535f650f6d62a0d80bccc1f5f4b,5,09:34:00,09:36:00,30,11,12
85,44e2ba105b6063da000ad96bd21b8c74f253477c,5,09:36:00,09:39:00,30,11,1
86,94ce33518a716eafad0819312c8bb34b9771759b,5,09:37:42,09:39:50,10,3,6
87,67c10457de73e85f1655179a43997d57e98a0832,5,09:36:00,09:39:30,10,10,15
89,4fd36a8ed8261fc6858273d10ff5cf1947efefa9,5,09:34:51,09:36:29,15,7,1
90,7dd0352255cb900b11d90ee4e6dc95ae86bc0fd0,5,09:36:00,09:40:00,60,8,17
91,bf467126c677211c76b4085938753dd34ef943f1,5,09:35:00,09:40:00,30,4,5
92,6f8c374e3a112b03a7cf944b0d6df68165c9db2a,5,09:34:03,09:37:40,0,10,5
93,d6336310949bee3772f0d50b4d30c8ab45a26498,5,09:36:00,09:41:00,50,13,15
127,a345eeed710df734b6261ca281b153f513b42574,8,16:25:00,16:27:00,40,11,1
128,2dac88111dfa0ceabcf9cdb35926cafbedb565d8,8,16:20:00,16:21:00,35,1,19
129,0f39023d214eb580f7888550047649c205006f35,8,16:24:50,16:27:45,90,10,7
130,01b5f7c30d4e60086027000233659eec14672b75,8,16:25:00,16:26:00,30,7,3
131,3ca1712937de09fde4e2cd52012046fc2d89b2ef,8,16:26:55,16:29:40,40,7,6
132,132493f71b2338d162df194e06a539c687429589,8,16:26:00,16:28:27,40,8,3
133,52c891eed6cebf90f160c5cd5d48955109bc7f83,8,16:22:40,16:31:00,40,14,11
134,8b51f0321b77c4983ef8c52e930d982d05371667,8,16:25:00,16:30:00,50,11,10
135,f96a48ae6a836a731266b4a0583202a64cfd1b4c,8,16:25:00,16:30:00,0,6,13
136,f2d1b7a7e0b67f4e79035840998aa392266a999b,8,16:25:00,16:29:00,40,12,6
137,bfb9d7610b13b94c6107dee6b0c2c8e339ceb0a5,8,16:29:00,16:31:00,25,10,7
138,5f4a2df4f6d5d643562b29e3400f68302d2d8e9d,8,16:20:00,16:29:00,30,6,10
139,3113e9594300fe594c0dfb0ac408796e9ac5de03,8,16:26:31,16:28:19,30,5,9
140,a027edb1f2fb20e10d8ffa0a6da8759aebcd60e5,8,16:27:00,16:30:00,78,15,13
141,fe656848d9af436e1c7365b95e95e14dc302b6db,8,16:26:00,16:29:00,30,8,4
142,3cde891172dfd866aaabcf3b787774435d43fa93,8,16:26:07,16:28:21,30,13,11
143,8f60fb3da07219e5a594cfbcbcf7473b703ecf12,8,16:26:07,16:28:21,18,12,20
144,e3ac5d5ddab4ecf916eab2a27e297a1a0a9b86c0,8,16:25:00,16:30:00,4,10,10
145,c046693d9af7fed4f2bf25706c35cab6abd69fb2,8,16:25:00,16:29:00,80,10,7
146,c42dd7401d287ff84a266a0487b2a09818afee31,8,16:24:00,16:26:00,30,5,10
147,7f0859272a26991bc8aab2bc81d0e0842ee6633e,9,14:05:00,14:10:00,25,6,17
148,e7be41ae619bf90ac36d6b5afd00ae68922e3ac4,9,14:05:00,14:10:00,120,15,10
149,84bc82a19b53aac866cfee51a3c2c28de48cf116,9,13:57:20,14:00:02,60,10,20
150,e516dbf7ba684aa66a5e449bdf387a80d02d7bb4,9,13:57:00,14:00:02,50,7,15
151,361d4cba3d52f3ed16c122f938527faf255977a4,9,14:05:45,14:09:45,65,13,12
152,b04f25d847e70905353368e31ee1534a1ad77ccd,9,14:10:00,14:12:00,80,10,10
153,11fa4363ec9b14b586d5d21471a47fa12e92218d,9,14:10:00,14:12:00,40,8,20
154,f50e7d4e4d07c093b3bd6fcf6add812678ce3ce8,9,13:57:20,13:59:30,50,14,14
155,4c21efd175de0cbc672f73b01d9e3e007ef4824c,9,13:57:20,13:59:30,90,12,11
156,ad307ea4162ac7cd141298dd95b05cbdcc395336,9,13:58:20,14:00:30,40,10,5
158,c73379e7a55b2ed6cb0723d223b0aeb18ba18414,9,13:58:43,14:01:20,43,11,2
159,6ef894501c9215c6ae4e3d4bd4a658feda79b853,9,13:58:43,14:01:20,60,15,12
160,9acc9bf010c5d2ba8abeb14f1e956a4af583ff3e,9,13:59:43,14:02:20,30,3,6
161,965bb8e393ec2a6db27f7030ff85170eb2fc6825,9,13:56:25,13:58:25,60,10,16
162,0f58d5a5515f1a8a9d179aa58858b67b2f8a3388,9,13:57:14,14:00:25,90,10,15
199,c4b27f12f73f6300d75f7c5ced1a81e47468e8fa,11,20:47:30,20:51:00,30,4,1
200,05b56cb43eb8bd8ae83b04bf6faf69c367e4e576,11,20:47:30,20:51:00,110,16,10
201,cc7c7a425a611f0614ce8867df5432356308c47c,11,20:52:00,20:53:00,74,10,4
202,1b61b40ada3f4d533c10a087b42eb922a4044449,11,20:47:00,20:49:00,50,9,8
203,50749d91bdcbc6e3db339ab453651560d476ec86,11,20:45:45,20:50:25,70,11,11
204,3d4e218b42279d43eff29b9f14cc42084d9be3a3,11,20:45:45,20:50:25,40,10,11
205,12ac11b7c9f55a871ac337a8199d6db1ab660202,11,20:44:55,20:46:14,75,9,8
206,2c458829fb4835cec11b0b8069ea6030a62a6eb2,11,20:39:32,20:42:50,80,15,7
207,8a8f435cd46556d85334afdbb0970ea1bd08afe8,11,20:35:00,20:40:00,75,13,5
208,99410ca81a3d2065da173a5123c081918941d47c,11,20:42:22,20:43:40,30,4,5
163,6f9f96426b0f1b321bae5da03bf78c6b43e596fb,10,09:59:00,10:05:00,80,10,1
164,f0bc1851c2b64232d60dc4c314cbe75aa6124e03,10,10:01:30,10:03:40,43,10,3
165,f269f41ad6e721bb046ac28ab87cefbeba8ab3d2,10,10:01:30,10:03:40,30,6,3
166,bf467126c677211c76b4085938753dd34ef943f1,10,09:56:30,10:20:26,50,7,6
167,217ede9095be278c114d5496bdcf42750d1655a0,10,09:59:00,10:05:00,50,10,7
168,f60b770b2b3910a49b3349d00be79d56911f0f26,10,09:57:01,09:59:44,40,12,3
169,5d3f2d1bdee96f06f05e0bd32800c22f189cdadc,10,09:55:00,09:57:00,40,6,7
170,44e2ba105b6063da000ad96bd21b8c74f253477c,10,09:56:00,09:58:10,40,11,1
171,7dd0352255cb900b11d90ee4e6dc95ae86bc0fd0,10,09:55:00,09:59:00,35,6,10
172,3438db9af3b410eeb9f97aafbd7ca047d0fd2623,10,09:58:00,10:00:00,40,5,10
176,4fd36a8ed8261fc6858273d10ff5cf1947efefa9,10,09:56:18,09:59:26,40,10,1
177,1ff4a897d5fbb535f650f6d62a0d80bccc1f5f4b,10,10:09:08,10:12:30,50,10,15
178,67c10457de73e85f1655179a43997d57e98a0832,10,10:09:08,10:12:30,30,6,6
179,6b816fae1c3733d8b30011c68477941283697ee3,10,09:58:00,10:00:00,40,10,5
181,8c9fc522b15cccd6def7b3b2483486f7cb9f9ea5,10,09:59:12,10:01:12,40,8,4
182,589c587c17c520cb7f727f442b762693a32fddec,10,09:57:00,09:59:00,40,10,6
183,acac630af110626f8034fda62f21e7a22e9e8ff5,10,09:57:00,09:59:00,50,12,7
184,6f8c374e3a112b03a7cf944b0d6df68165c9db2a,10,09:59:00,10:01:00,40,10,10
185,d29d0c0ce1013d57aee69748695906ae26eaddb7,10,09:59:00,10:01:00,40,7,10
186,d98f63e021585d4ecb68223e9e26bc5a364f0f61,10,09:56:30,09:58:50,40,7,1
187,07d1833706f1dc12479c6e9738ea5e2b9f20fca0,10,09:56:00,09:59:00,60,14,1
188,0f58d5a5515f1a8a9d179aa58858b67b2f8a3388,10,10:01:00,10:02:00,30,10,1
189,4252e5f6d6d80a9364108ccabbce5649c05d6241,10,10:01:00,10:01:00,40,6,4
190,8b11c6d53d770d9c7dd507cab22d5f691e26bcdc,10,10:00:00,10:05:00,40,10,2
191,4ab61ac49e47d4d33ea5f4ebb1ac6c84cb5b6039,10,10:00:00,10:05:00,74,11,8
192,4e885216ce5fd7e0945236030d8b5c5fc3cccbe6,10,09:59:00,10:01:00,40,8,3
193,6b99092afd7056af7e167ac33bf68841a9a11d0e,10,09:59:12,10:01:30,40,7,4
194,a9ea7d2eacb9faa6ce3756b865a1671df519e9b8,10,10:01:00,10:03:00,50,10,5
195,13d241a69319351c096e8a6b7268c40d9f24c47a,10,09:57:00,09:59:00,20,3,8
196,d6336310949bee3772f0d50b4d30c8ab45a26498,10,09:57:00,09:59:00,50,13,10
197,4fe76e2353ece57a4ee7069506b525597f8ee5e7,10,09:56:22,09:59:37,30,10,1
294,a345eeed710df734b6261ca281b153f513b42574,10,17:04:00,17:05:00,40,14,1
209,688a4ca2ff15d0094e9839a64e6ebf43ed47879c,12,13:50:00,13:55:00,40,10,8
210,e7be41ae619bf90ac36d6b5afd00ae68922e3ac4,12,13:50:00,13:55:00,90,10,10
212,e516dbf7ba684aa66a5e449bdf387a80d02d7bb4,12,13:49:58,13:52:48,40,7,11
213,7fd2c7812315a084caf484f17d64a99fea519cb9,12,13:54:31,13:59:03,90,10,20
214,431a42656e346ff5ddd7c653ae8199854be96ea9,12,13:54:31,13:59:03,45,11,1
215,ad307ea4162ac7cd141298dd95b05cbdcc395336,12,14:01:00,14:02:00,78,10,9
216,11fa4363ec9b14b586d5d21471a47fa12e92218d,12,14:01:00,14:02:00,50,9,20
217,51eb467138c8309c15542ce202aa3fa463b062f6,12,13:50:00,13:54:00,40,11,9
218,f50e7d4e4d07c093b3bd6fcf6add812678ce3ce8,12,13:50:00,13:54:00,40,12,7
219,0f58d5a5515f1a8a9d179aa58858b67b2f8a3388,12,13:50:10,13:52:10,80,12,12
220,7f0859272a26991bc8aab2bc81d0e0842ee6633e,12,13:57:00,13:59:00,60,9,17
221,6ef894501c9215c6ae4e3d4bd4a658feda79b853,12,13:57:10,13:59:26,75,14,11
223,6be5d6c17a6e1f77675c628930b9af8475db24cb,12,13:54:00,13:55:36,50,11,1
224,0f58d5a5515f1a8a9d179aa58858b67b2f8a3388,12,13:50:59,13:56:15,40,6,11
225,ea8c2a2c984191ea5ed05fc6433932cb24e6427e,12,13:50:10,13:52:35,40,14,17
226,965bb8e393ec2a6db27f7030ff85170eb2fc6825,12,13:50:00,13:52:25,40,10,11
227,c73379e7a55b2ed6cb0723d223b0aeb18ba18414,12,13:51:15,13:53:30,45,13,2
228,6b99092afd7056af7e167ac33bf68841a9a11d0e,13,10:33:30,10:37:30,40,11,3
229,589c587c17c520cb7f727f442b762693a32fddec,13,10:33:00,10:37:00,80,10,10
230,32a15a3aebbb684957c8bfb2ff884f20ef2be6d6,13,10:33:00,10:37:00,40,5,15
231,4e885216ce5fd7e0945236030d8b5c5fc3cccbe6,13,10:33:27,10:37:09,70,10,5
232,acac630af110626f8034fda62f21e7a22e9e8ff5,13,10:33:51,10:34:52,50,11,6
233,1ff4a897d5fbb535f650f6d62a0d80bccc1f5f4b,13,13:50:30,13:50:30,53,8,14
234,3438db9af3b410eeb9f97aafbd7ca047d0fd2623,13,10:35:00,10:36:00,10,55,12
235,8eb6df316fe10dfe250346ffecaeed414a483e9a,13,10:35:00,10:36:00,40,10,13
236,13d241a69319351c096e8a6b7268c40d9f24c47a,13,10:35:00,10:36:00,60,5,14
237,4ab61ac49e47d4d33ea5f4ebb1ac6c84cb5b6039,13,10:34:00,10:39:00,70,12,6
238,6f8c374e3a112b03a7cf944b0d6df68165c9db2a,13,10:34:00,10:36:00,30,13,3
239,94fd7dfb3f130df5ccb89004fb6520e77403cb20,13,10:34:55,10:36:32,45,10,13
242,8c9fc522b15cccd6def7b3b2483486f7cb9f9ea5,13,10:34:00,10:38:00,50,9,11
243,6f9f96426b0f1b321bae5da03bf78c6b43e596fb,13,10:35:30,10:38:30,40,11,7
244,e6fce23629f0e37f364f1e516c725d4579a3ad4a,13,10:37:00,10:42:00,50,9,16
245,3c3a8482fc27025a7a5b384c4c17978713a354db,13,10:33:00,10:37:00,15,9,6
246,f60b770b2b3910a49b3349d00be79d56911f0f26,13,10:33:23,10:35:14,40,11,4
247,67c10457de73e85f1655179a43997d57e98a0832,13,10:34:10,10:36:45,60,12,5
248,bf8fc56a1b9cfc9192ad6430624a911cdacdb41b,13,10:34:10,10:36:15,50,12,1
249,dc6a1610898eac9eb29102204d934ab6901d422b,13,10:35:00,10:38:00,50,16,1
250,819e294eb9586f5112153c23c8682ef542060074,13,10:32:00,10:37:00,50,11,11
251,f8cb85483f7e79b3c3388ff63abf588bb755d22b,13,10:35:00,10:38:02,50,12,20
252,d6336310949bee3772f0d50b4d30c8ab45a26498,13,10:32:00,10:35:00,70,10,8
253,4d00847c3153168cb002ce411d9734fa62a6c322,13,10:35:00,14:40:00,40,13,5
254,f0bc1851c2b64232d60dc4c314cbe75aa6124e03,13,10:35:05,10:37:00,35,10,5
255,d98f63e021585d4ecb68223e9e26bc5a364f0f61,13,10:33:30,10:35:07,40,10,6
256,4fe76e2353ece57a4ee7069506b525597f8ee5e7,13,10:32:45,10:33:33,40,10,1
257,7dd0352255cb900b11d90ee4e6dc95ae86bc0fd0,13,10:34:00,10:36:00,40,7,8
258,bf467126c677211c76b4085938753dd34ef943f1,13,10:34:50,10:40:36,70,9,6
259,5d3f2d1bdee96f06f05e0bd32800c22f189cdadc,13,10:35:00,10:37:00,50,9,6
260,8e91128f8e24876b1bc2cc200d638634a922d50c,13,10:35:40,10:35:40,40,10,8
261,217ede9095be278c114d5496bdcf42750d1655a0,13,10:33:00,10:37:00,60,14,7
262,8b11c6d53d770d9c7dd507cab22d5f691e26bcdc,13,10:35:00,10:38:00,20,8,3
263,07d1833706f1dc12479c6e9738ea5e2b9f20fca0,13,10:32:00,10:34:00,40,11,3
264,a9ea7d2eacb9faa6ce3756b865a1671df519e9b8,13,10:32:00,10:34:00,50,10,6
265,429fbd3acf9ae8588f436035ca921a3d36ae0ae5,13,10:32:00,10:34:00,90,15,4
266,c7a0661b5b2117ea4c071ef84425569516a28074,13,10:32:00,10:34:00,50,7,8
267,0f58d5a5515f1a8a9d179aa58858b67b2f8a3388,13,10:32:00,10:33:00,60,15,12
268,b612a2555644425ba02b913d648bb06671797f4e,13,10:35:00,10:37:00,28,10,10
270,4fd36a8ed8261fc6858273d10ff5cf1947efefa9,13,10:33:07,10:36:05,40,13,5
271,fe656848d9af436e1c7365b95e95e14dc302b6db,14,17:05:00,17:15:00,45,7,5
272,00ad36b687fdcd2c99c49038826b07bc76c441ff,14,17:04:00,17:05:00,60,5,8
273,f96a48ae6a836a731266b4a0583202a64cfd1b4c,14,17:03:00,17:08:30,80,10,20
274,1864d661de2657d36be2ab843debf86d96baaf4a,14,17:04:00,17:05:00,75,13,5
275,ffd3e7f59dde44fb203ce16b5da63c22f2922f4e,14,17:04:25,17:05:55,40,10,3
276,f6a7ab4bdd12bbc9e43903082b04a656a12708f0,14,17:04:00,17:06:00,30,10,2
277,cc937f4892d262ca607d2858d9aa91138ea97970,14,17:03:00,17:06:00,40,11,10
278,270686a66abdde79d79e3c1863fea81f34bb7795,14,17:03:01,17:05:33,40,9,5
279,bb69e9a98b7650f01d40bd43789796c8730fc926,14,17:05:00,17:06:00,76,15,10
280,5f4a2df4f6d5d643562b29e3400f68302d2d8e9d,14,17:04:00,17:06:00,40,10,20
282,d04ba947ee92535e60d253fc33dc5ac5e5cbdf41,14,17:02:00,17:02:00,70,10,11
283,3ca1712937de09fde4e2cd52012046fc2d89b2ef,14,17:04:00,17:05:00,50,10,8
284,132493f71b2338d162df194e06a539c687429589,14,17:03:00,17:06:00,40,7,10
285,e3ac5d5ddab4ecf916eab2a27e297a1a0a9b86c0,14,17:05:00,17:06:00,30,10,1
286,f2d1b7a7e0b67f4e79035840998aa392266a999b,14,17:05:00,17:10:00,79,14,11
287,3113e9594300fe594c0dfb0ac408796e9ac5de03,14,17:05:45,17:07:35,60,12,4
288,bfb9d7610b13b94c6107dee6b0c2c8e339ceb0a5,14,17:03:00,17:06:00,70,13,2
289,3baf494fc96051c8070227a8747a8a92898717c9,14,17:05:00,17:05:00,40,10,1
290,01b5f7c30d4e60086027000233659eec14672b75,14,17:05:00,17:07:00,40,7,1
291,c046693d9af7fed4f2bf25706c35cab6abd69fb2,14,17:04:00,17:07:00,97,18,8
292,0f58d5a5515f1a8a9d179aa58858b67b2f8a3388,14,17:04:16,17:06:00,110,18,11
293,2dac88111dfa0ceabcf9cdb35926cafbedb565d8,14,17:05:00,17:07:00,20,4,20
296,8e854e87d149dad76a06dbd3c9fe5c35cb41161b,14,17:05:00,17:07:00,50,10,2
297,3855786bdf8946cd8d1aa875448ec5bcdce6e5d4,14,17:03:10,17:05:00,40,7,10
298,0f58d5a5515f1a8a9d179aa58858b67b2f8a3388,14,17:05:00,17:07:00,63,14,12
299,6c95c5b53566f7df941138181e1475d30fbd7b39,14,17:03:25,17:06:14,30,15,8
300,3cde891172dfd866aaabcf3b787774435d43fa93,14,17:05:35,17:06:52,50,12,10
301,c42dd7401d287ff84a266a0487b2a09818afee31,14,17:03:00,17:05:00,40,6,1
303,a027edb1f2fb20e10d8ffa0a6da8759aebcd60e5,14,17:04:00,17:06:00,15,16,6
304,7fd2c7812315a084caf484f17d64a99fea519cb9,15,20:47:00,20:48:00,76,10,12
305,cc7c7a425a611f0614ce8867df5432356308c47c,15,20:47:00,20:48:00,45,11,4
306,0f58d5a5515f1a8a9d179aa58858b67b2f8a3388,15,21:16:30,21:17:45,78,14,7
307,1b61b40ada3f4d533c10a087b42eb922a4044449,15,21:07:00,21:10:00,50,10,10
308,50749d91bdcbc6e3db339ab453651560d476ec86,15,21:16:00,21:17:00,40,6,16
309,c4b27f12f73f6300d75f7c5ced1a81e47468e8fa,15,20:47:00,20:48:00,20,5,1
310,3d4e218b42279d43eff29b9f14cc42084d9be3a3,15,20:45:21,20:50:10,53,11,9
311,99410ca81a3d2065da173a5123c081918941d47c,15,20:46:05,20:47:00,30,5,5
312,f2d1b7a7e0b67f4e79035840998aa392266a999b,16,17:13:00,17:15:00,80,12,9
313,132493f71b2338d162df194e06a539c687429589,16,17:13:00,17:15:00,50,9,6
314,c42dd7401d287ff84a266a0487b2a09818afee31,16,17:12:00,17:14:00,60,10,3
315,270686a66abdde79d79e3c1863fea81f34bb7795,16,17:15:00,17:18:35,60,7,3
316,a027edb1f2fb20e10d8ffa0a6da8759aebcd60e5,16,17:14:00,17:15:00,53,14,13
319,a345eeed710df734b6261ca281b153f513b42574,16,17:15:00,17:17:00,40,10,1
320,00ad36b687fdcd2c99c49038826b07bc76c441ff,16,17:14:00,17:16:00,70,10,10
322,3baf494fc96051c8070227a8747a8a92898717c9,16,17:15:34,17:16:10,30,11,7
324,2dac88111dfa0ceabcf9cdb35926cafbedb565d8,16,17:14:00,17:15:00,30,4,20
325,6c95c5b53566f7df941138181e1475d30fbd7b39,16,17:14:42,17:16:36,40,13,7
326,1864d661de2657d36be2ab843debf86d96baaf4a,16,17:15:00,17:18:00,105,15,20
327,bfb9d7610b13b94c6107dee6b0c2c8e339ceb0a5,16,17:14:00,17:19:00,55,13,6
328,c046693d9af7fed4f2bf25706c35cab6abd69fb2,16,17:14:00,17:17:00,92,16,2
329,0f39023d214eb580f7888550047649c205006f35,16,17:14:25,17:17:50,110,15,11
330,fe656848d9af436e1c7365b95e95e14dc302b6db,16,17:15:00,17:18:00,70,15,4
331,f96a48ae6a836a731266b4a0583202a64cfd1b4c,16,17:15:00,17:18:00,90,13,19
332,3113e9594300fe594c0dfb0ac408796e9ac5de03,16,17:15:47,17:19:24,50,9,6
333,3cde891172dfd866aaabcf3b787774435d43fa93,16,17:20:33,17:23:40,60,13,11
334,8e854e87d149dad76a06dbd3c9fe5c35cb41161b,16,17:15:00,15:16:00,40,11,1
335,3ca1712937de09fde4e2cd52012046fc2d89b2ef,16,17:15:00,17:17:00,40,8,9
338,01b5f7c30d4e60086027000233659eec14672b75,16,17:15:00,17:17:00,40,6,2
339,5f4a2df4f6d5d643562b29e3400f68302d2d8e9d,16,17:15:00,17:17:00,60,3,20
340,f6a7ab4bdd12bbc9e43903082b04a656a12708f0,16,17:15:00,17:20:00,60,11,5
341,0ccadc4385e2e0e1d25c581748bbd0bce81add15,16,17:14:00,17:16:00,40,9,7
343,3855786bdf8946cd8d1aa875448ec5bcdce6e5d4,16,17:13:10,17:15:10,35,9,1
344,6be5d6c17a6e1f77675c628930b9af8475db24cb,17,14:02:20,14:04:43,62,12,1
345,431a42656e346ff5ddd7c653ae8199854be96ea9,17,15:02:01,15:04:37,45,10,4
346,9acc9bf010c5d2ba8abeb14f1e956a4af583ff3e,17,14:02:00,14:04:43,30,5,5
347,e7be41ae619bf90ac36d6b5afd00ae68922e3ac4,17,13:57:00,14:03:00,106,16,16
348,7f0859272a26991bc8aab2bc81d0e0842ee6633e,17,13:57:00,13:59:31,104,17,10
349,688a4ca2ff15d0094e9839a64e6ebf43ed47879c,17,13:59:00,14:01:00,60,13,9
350,ad307ea4162ac7cd141298dd95b05cbdcc395336,17,13:59:00,14:01:00,90,14,10
351,6ef894501c9215c6ae4e3d4bd4a658feda79b853,17,13:57:10,13:59:31,70,12,14
352,f50e7d4e4d07c093b3bd6fcf6add812678ce3ce8,17,13:59:00,14:01:00,40,13,5
353,11fa4363ec9b14b586d5d21471a47fa12e92218d,17,14:07:00,14:09:00,50,8,20
354,361d4cba3d52f3ed16c122f938527faf255977a4,17,14:00:05,14:02:40,98,14,12
355,965bb8e393ec2a6db27f7030ff85170eb2fc6825,17,13:55:15,13:59:30,118,15,1
356,c73379e7a55b2ed6cb0723d223b0aeb18ba18414,17,14:15:31,14:20:35,75,16,3
388,8a8f435cd46556d85334afdbb0970ea1bd08afe8,19,20:28:00,20:31:00,92,16,5
389,2f04c6027b44c3a49a4690b06273f006297d0ddd,19,20:30:00,20:33:00,15,15,20
390,3d4e218b42279d43eff29b9f14cc42084d9be3a3,19,20:50:10,20:51:10,50,11,10
391,c4b27f12f73f6300d75f7c5ced1a81e47468e8fa,19,20:58:00,21:00:00,40,10,11
392,cc7c7a425a611f0614ce8867df5432356308c47c,19,21:01:00,21:02:00,68,15,10
393,b9f885edff1abcdc426ac85046685eb4a5f45875,19,20:59:50,21:00:40,48,14,5
394,50749d91bdcbc6e3db339ab453651560d476ec86,19,21:14:00,21:16:00,90,20,10
395,1b61b40ada3f4d533c10a087b42eb922a4044449,19,21:14:00,21:16:00,100,16,10
396,05b56cb43eb8bd8ae83b04bf6faf69c367e4e576,19,21:05:20,21:07:15,90,16,10
357,819e294eb9586f5112153c23c8682ef542060074,18,10:30:00,10:33:00,70,10,12
358,8e91128f8e24876b1bc2cc200d638634a922d50c,18,10:32:00,10:34:00,50,11,7
359,429fbd3acf9ae8588f436035ca921a3d36ae0ae5,18,10:29:00,10:30:00,80,13,1
360,4252e5f6d6d80a9364108ccabbce5649c05d6241,18,10:30:00,10:31:00,40,10,7
361,a9ea7d2eacb9faa6ce3756b865a1671df519e9b8,18,10:30:00,10:34:00,40,10,6
362,4fe76e2353ece57a4ee7069506b525597f8ee5e7,18,10:31:15,10:32:22,43,10,1
363,d29d0c0ce1013d57aee69748695906ae26eaddb7,18,10:30:00,10:33:00,50,9,10
364,217ede9095be278c114d5496bdcf42750d1655a0,18,10:30:00,10:33:00,70,11,8
365,f269f41ad6e721bb046ac28ab87cefbeba8ab3d2,18,10:30:55,10:33:05,30,11,5
366,07d1833706f1dc12479c6e9738ea5e2b9f20fca0,18,10:30:00,10:32:00,30,10,3
367,4d00847c3153168cb002ce411d9734fa62a6c322,18,10:30:00,10:33:00,40,11,1
370,acac630af110626f8034fda62f21e7a22e9e8ff5,18,10:31:14,10:34:57,60,11,16
371,3c3a8482fc27025a7a5b384c4c17978713a354db,18,10:30:00,10:33:00,30,9,7
373,4fd36a8ed8261fc6858273d10ff5cf1947efefa9,18,10:30:10,10:34:26,40,9,4
374,94fd7dfb3f130df5ccb89004fb6520e77403cb20,18,10:31:52,10:34:20,40,9,13
375,4e885216ce5fd7e0945236030d8b5c5fc3cccbe6,18,10:31:07,10:33:47,60,10,11
376,6b99092afd7056af7e167ac33bf68841a9a11d0e,18,10:31:00,10:33:00,60,15,10
377,4ab61ac49e47d4d33ea5f4ebb1ac6c84cb5b6039,18,10:31:00,10:32:00,50,12,6
378,6f8c374e3a112b03a7cf944b0d6df68165c9db2a,18,10:29:00,10:32:00,80,15,2
379,6f9f96426b0f1b321bae5da03bf78c6b43e596fb,18,10:31:00,10:35:00,40,14,6
380,67c10457de73e85f1655179a43997d57e98a0832,18,10:30:00,10:34:25,30,9,5
381,3438db9af3b410eeb9f97aafbd7ca047d0fd2623,18,10:31:00,10:35:00,60,13,14
382,f0bc1851c2b64232d60dc4c314cbe75aa6124e03,18,10:31:30,10:35:00,52,11,8
383,589c587c17c520cb7f727f442b762693a32fddec,18,10:29:00,10:32:00,80,14,5
384,0c8a50bdc21f90aa622ef8b29d15a1d54f581447,18,10:31:00,10:35:00,60,11,14
385,bf467126c677211c76b4085938753dd34ef943f1,18,10:36:30,10:40:22,60,10,7
386,8b11c6d53d770d9c7dd507cab22d5f691e26bcdc,18,10:34:00,10:37:00,20,7,4
387,63359d35b31f72e66c3460810e0c82c71b590c2e,18,10:29:00,10:32:00,42,10,17
397,e516dbf7ba684aa66a5e449bdf387a80d02d7bb4,20,14:13:50,14:15:55,40,11,11
398,4c21efd175de0cbc672f73b01d9e3e007ef4824c,20,14:13:10,14:15:20,90,13,13
399,361d4cba3d52f3ed16c122f938527faf255977a4,20,14:14:45,14:17:30,112,16,16
400,11fa4363ec9b14b586d5d21471a47fa12e92218d,20,14:30:00,14:31:00,60,8,18
401,84bc82a19b53aac866cfee51a3c2c28de48cf116,20,14:13:51,14:15:10,90,10,17
402,c73379e7a55b2ed6cb0723d223b0aeb18ba18414,20,14:13:51,14:15:10,90,16,1
403,f50e7d4e4d07c093b3bd6fcf6add812678ce3ce8,20,14:16:22,14:20:00,50,13,8
404,6be5d6c17a6e1f77675c628930b9af8475db24cb,20,14:13:32,14:15:05,50,9,1
405,688a4ca2ff15d0094e9839a64e6ebf43ed47879c,20,14:13:00,14:16:00,50,10,8
406,0f58d5a5515f1a8a9d179aa58858b67b2f8a3388,20,14:13:16,14:16:41,45,10,2
407,ea8c2a2c984191ea5ed05fc6433932cb24e6427e,20,14:13:40,14:15:30,76,13,16
408,9acc9bf010c5d2ba8abeb14f1e956a4af583ff3e,20,14:13:00,14:14:30,30,6,4
409,6ef894501c9215c6ae4e3d4bd4a658feda79b853,20,14:13:39,14:14:45,70,11,11
410,ad307ea4162ac7cd141298dd95b05cbdcc395336,20,14:13:00,14:15:00,90,15,10
411,965bb8e393ec2a6db27f7030ff85170eb2fc6825,20,14:12:12,14:13:14,78,14,1
412,7f0859272a26991bc8aab2bc81d0e0842ee6633e,20,14:12:00,14:13:30,102,16,18
413,05b56cb43eb8bd8ae83b04bf6faf69c367e4e576,21,21:11:30,21:15:45,100,17,14
414,1b61b40ada3f4d533c10a087b42eb922a4044449,21,20:40:00,20:44:00,90,15,10
415,12ac11b7c9f55a871ac337a8199d6db1ab660202,21,20:50:40,20:51:20,110,15,11
416,3d4e218b42279d43eff29b9f14cc42084d9be3a3,21,20:10:20,20:25:10,80,11,11
417,8a8f435cd46556d85334afdbb0970ea1bd08afe8,21,20:17:00,20:20:00,80,15,6
418,99410ca81a3d2065da173a5123c081918941d47c,21,20:15:22,20:16:40,20,5,10
419,7fd2c7812315a084caf484f17d64a99fea519cb9,21,20:15:00,20:16:40,90,10,15
420,2f04c6027b44c3a49a4690b06273f006297d0ddd,21,20:16:00,20:18:00,40,10,17
421,50749d91bdcbc6e3db339ab453651560d476ec86,21,20:11:00,20:12:00,80,15,14
422,bb69e9a98b7650f01d40bd43789796c8730fc926,22,17:05:00,17:07:00,60,13,14
423,3d229c0a50e5342109b114173e52dc0bb9ae27ef,22,17:05:07,17:08:20,64,9,9
424,0f58d5a5515f1a8a9d179aa58858b67b2f8a3388,22,17:07:00,17:08:00,80,14,2
425,a345eeed710df734b6261ca281b153f513b42574,22,17:07:00,17:08:00,40,11,1
426,3baf494fc96051c8070227a8747a8a92898717c9,22,17:06:00,17:09:00,78,8,1
427,5f4a2df4f6d5d643562b29e3400f68302d2d8e9d,22,17:06:00,17:09:00,40,9,5
428,8e854e87d149dad76a06dbd3c9fe5c35cb41161b,22,17:05:00,17:03:00,52,12,1
429,d04ba947ee92535e60d253fc33dc5ac5e5cbdf41,22,17:05:02,17:03:10,60,10,12
430,132493f71b2338d162df194e06a539c687429589,22,17:07:19,17:08:02,52,7,13
431,3113e9594300fe594c0dfb0ac408796e9ac5de03,22,17:08:36,17:09:47,40,9,9
432,0f39023d214eb580f7888550047649c205006f35,22,17:07:55,17:09:20,110,18,10
433,c046693d9af7fed4f2bf25706c35cab6abd69fb2,22,17:06:00,17:09:00,106,19,2
434,3ca1712937de09fde4e2cd52012046fc2d89b2ef,22,17:07:17,17:08:50,45,10,9
435,3855786bdf8946cd8d1aa875448ec5bcdce6e5d4,22,17:06:00,17:08:00,58,8,12
436,f96a48ae6a836a731266b4a0583202a64cfd1b4c,22,17:05:00,17:10:00,70,18,14
437,c42dd7401d287ff84a266a0487b2a09818afee31,22,17:06:00,17:08:00,70,9,2
438,3cde891172dfd866aaabcf3b787774435d43fa93,22,17:07:35,17:11:20,50,13,11
439,fe656848d9af436e1c7365b95e95e14dc302b6db,22,17:06:00,17:14:00,60,12,9
441,bfb9d7610b13b94c6107dee6b0c2c8e339ceb0a5,22,17:06:00,17:08:00,45,8,4
444,1864d661de2657d36be2ab843debf86d96baaf4a,22,17:05:25,17:07:30,80,11,12
445,6c95c5b53566f7df941138181e1475d30fbd7b39,22,17:06:10,17:09:14,60,15,14
446,270686a66abdde79d79e3c1863fea81f34bb7795,22,17:07:35,17:09:53,50,8,4
447,a027edb1f2fb20e10d8ffa0a6da8759aebcd60e5,22,17:05:00,17:06:00,43,13,14
448,431a42656e346ff5ddd7c653ae8199854be96ea9,23,13:51:43,13:54:08,50,9,2
449,6be5d6c17a6e1f77675c628930b9af8475db24cb,23,13:50:00,13:51:38,63,12,1
450,ad307ea4162ac7cd141298dd95b05cbdcc395336,23,13:57:00,13:59:00,90,14,10
451,11fa4363ec9b14b586d5d21471a47fa12e92218d,23,13:57:00,13:58:00,50,9,18
452,688a4ca2ff15d0094e9839a64e6ebf43ed47879c,23,13:54:00,13:56:00,80,8,7
453,6ef894501c9215c6ae4e3d4bd4a658feda79b853,23,13:54:21,13:56:14,75,12,13
454,e7be41ae619bf90ac36d6b5afd00ae68922e3ac4,23,13:47:00,13:53:00,110,16,10
455,e516dbf7ba684aa66a5e449bdf387a80d02d7bb4,23,13:48:30,13:52:43,40,13,20
456,ea8c2a2c984191ea5ed05fc6433932cb24e6427e,23,13:48:40,13:52:05,90,16,16
457,965bb8e393ec2a6db27f7030ff85170eb2fc6825,23,13:52:05,13:54:10,90,15,1
458,f50e7d4e4d07c093b3bd6fcf6add812678ce3ce8,23,13:49:50,13:51:45,60,12,6
459,a836999d18aac28e427d5ecebf86b7da79103732,23,13:49:00,13:51:00,80,10,10
460,c73379e7a55b2ed6cb0723d223b0aeb18ba18414,23,13:48:47,13:50:15,105,16,1
461,d6336310949bee3772f0d50b4d30c8ab45a26498,24,10:01:00,10:03:00,40,10,6
462,217ede9095be278c114d5496bdcf42750d1655a0,24,10:04:00,10:06:00,50,11,10
463,44e2ba105b6063da000ad96bd21b8c74f253477c,24,10:01:25,10:03:38,40,10,1
464,07d1833706f1dc12479c6e9738ea5e2b9f20fca0,24,10:03:00,10:06:00,40,8,4
465,4fe76e2353ece57a4ee7069506b525597f8ee5e7,24,10:03:22,10:05:41,40,10,1
466,819e294eb9586f5112153c23c8682ef542060074,24,10:01:00,10:05:00,40,8,9
467,429fbd3acf9ae8588f436035ca921a3d36ae0ae5,24,10:03:00,10:06:00,50,12,1
468,4252e5f6d6d80a9364108ccabbce5649c05d6241,24,10:03:00,10:06:00,50,10,7
469,d98f63e021585d4ecb68223e9e26bc5a364f0f61,24,10:04:10,10:06:45,40,12,2
470,3c3a8482fc27025a7a5b384c4c17978713a354db,24,10:03:00,10:06:00,20,8,5
471,fb901a06c3891eda985f42a2c3c0f59c103e0fd2,24,10:04:00,10:07:00,73,16,9
472,1b739756e31fe5ba805194713bc214bcce15d241,24,10:04:29,10:07:22,50,13,1
473,8e91128f8e24876b1bc2cc200d638634a922d50c,24,10:04:30,10:06:05,50,10,1
474,3438db9af3b410eeb9f97aafbd7ca047d0fd2623,24,10:05:00,10:08:00,63,15,8
475,1ff4a897d5fbb535f650f6d62a0d80bccc1f5f4b,24,10:05:00,10:10:00,50,10,13
476,67c10457de73e85f1655179a43997d57e98a0832,24,10:03:15,10:05:30,50,7,5
477,a9ea7d2eacb9faa6ce3756b865a1671df519e9b8,24,10:03:00,10:06:00,40,10,8
478,6f9f96426b0f1b321bae5da03bf78c6b43e596fb,24,10:04:00,10:06:00,40,8,4
479,4ab61ac49e47d4d33ea5f4ebb1ac6c84cb5b6039,24,10:03:00,10:07:00,70,12,8
480,4e885216ce5fd7e0945236030d8b5c5fc3cccbe6,24,10:03:00,10:08:00,60,10,12
481,bf8fc56a1b9cfc9192ad6430624a911cdacdb41b,24,10:03:00,10:06:00,50,11,1
482,6b816fae1c3733d8b30011c68477941283697ee3,24,10:04:00,10:06:00,50,14,10
483,589c587c17c520cb7f727f442b762693a32fddec,24,10:05:33,10:07:40,90,10,4
484,acac630af110626f8034fda62f21e7a22e9e8ff5,24,10:04:15,10:08:15,62,13,13
485,4fd36a8ed8261fc6858273d10ff5cf1947efefa9,24,10:04:40,10:07:37,40,8,5
486,8c9fc522b15cccd6def7b3b2483486f7cb9f9ea5,24,10:08:00,10:09:00,40,9,8
487,6f8c374e3a112b03a7cf944b0d6df68165c9db2a,24,10:05:00,10:06:00,50,10,2
488,f0bc1851c2b64232d60dc4c314cbe75aa6124e03,24,10:04:00,10:07:00,45,11,4
489,5d3f2d1bdee96f06f05e0bd32800c22f189cdadc,24,10:10:00,10:13:00,40,10,8
490,8b11c6d53d770d9c7dd507cab22d5f691e26bcdc,24,10:06:00,10:08:00,20,7,2
491,d29d0c0ce1013d57aee69748695906ae26eaddb7,24,10:03:00,10:08:00,40,7,10
492,bf467126c677211c76b4085938753dd34ef943f1,24,10:08:30,10:15:24,80,11,8
493,c42dd7401d287ff84a266a0487b2a09818afee31,25,17:34:00,17:36:00,70,11,1
494,a027edb1f2fb20e10d8ffa0a6da8759aebcd60e5,25,17:35:00,17:37:00,53,13,15
495,0ccadc4385e2e0e1d25c581748bbd0bce81add15,25,17:35:00,17:36:00,30,10,1
496,270686a66abdde79d79e3c1863fea81f34bb7795,25,17:36:01,17:38:35,50,4,3
497,c046693d9af7fed4f2bf25706c35cab6abd69fb2,25,17:34:00,17:37:00,85,11,2
498,0f39023d214eb580f7888550047649c205006f35,25,17:34:45,17:38:20,80,14,11
499,3cde891172dfd866aaabcf3b787774435d43fa93,25,17:36:25,17:38:10,60,12,11
500,3d229c0a50e5342109b114173e52dc0bb9ae27ef,25,18:35:30,18:37:50,65,10,9
501,cc937f4892d262ca607d2858d9aa91138ea97970,25,17:33:00,17:44:00,60,55,55
502,f96a48ae6a836a731266b4a0583202a64cfd1b4c,25,17:34:00,17:45:00,90,85,75
503,e3ac5d5ddab4ecf916eab2a27e297a1a0a9b86c0,25,17:34:00,17:36:00,5,50,50
505,8e854e87d149dad76a06dbd3c9fe5c35cb41161b,25,17:35:00,17:38:00,50,30,5
506,3855786bdf8946cd8d1aa875448ec5bcdce6e5d4,25,17:34:10,17:37:10,40,40,50
507,00ad36b687fdcd2c99c49038826b07bc76c441ff,25,17:34:00,17:36:00,80,50,55
508,bfb9d7610b13b94c6107dee6b0c2c8e339ceb0a5,25,17:34:00,17:38:00,45,40,15
509,fe656848d9af436e1c7365b95e95e14dc302b6db,25,17:35:00,17:40:00,70,75,25
510,f2d1b7a7e0b67f4e79035840998aa392266a999b,25,17:35:00,17:37:00,40,8,8
511,8f60fb3da07219e5a594cfbcbcf7473b703ecf12,25,17:34:10,17:36:51,70,11,20
512,5f4a2df4f6d5d643562b29e3400f68302d2d8e9d,25,17:34:00,17:35:00,60,16,2
513,a345eeed710df734b6261ca281b153f513b42574,25,17:34:00,17:35:00,40,10,1
514,e40602b3fb3e5628269aeac48affe61256900d20,25,17:35:00,17:36:00,55,12,2
515,3113e9594300fe594c0dfb0ac408796e9ac5de03,25,17:35:26,17:36:56,50,14,6
516,2dac88111dfa0ceabcf9cdb35926cafbedb565d8,25,17:35:00,17:36:00,48,15,20
517,bb69e9a98b7650f01d40bd43789796c8730fc926,25,17:35:07,17:36:45,60,15,11
518,01b5f7c30d4e60086027000233659eec14672b75,25,17:35:00,17:36:00,40,8,2
519,8b51f0321b77c4983ef8c52e930d982d05371667,25,17:34:00,17:36:00,80,50,55
552,3baf494fc96051c8070227a8747a8a92898717c9,25,17:35:00,17:36:00,85,13,2
520,f60b770b2b3910a49b3349d00be79d56911f0f26,26,10:35:00,10:37:00,40,9,3
521,5d3f2d1bdee96f06f05e0bd32800c22f189cdadc,26,10:35:00,10:37:00,55,10,11
522,8b11c6d53d770d9c7dd507cab22d5f691e26bcdc,26,10:35:00,10:37:00,50,6,3
523,a9ea7d2eacb9faa6ce3756b865a1671df519e9b8,26,10:35:00,10:37:00,40,35,55
524,4ab61ac49e47d4d33ea5f4ebb1ac6c84cb5b6039,26,10:35:00,10:40:00,70,60,40
525,1ff4a897d5fbb535f650f6d62a0d80bccc1f5f4b,26,10:35:10,10:37:01,42,9,11
527,f269f41ad6e721bb046ac28ab87cefbeba8ab3d2,26,10:33:05,10:37:15,50,65,30
530,bf8fc56a1b9cfc9192ad6430624a911cdacdb41b,26,10:32:30,10:34:10,50,10,3
531,dc6a1610898eac9eb29102204d934ab6901d422b,26,10:33:00,10:36:00,41,12,1
532,6f8c374e3a112b03a7cf944b0d6df68165c9db2a,26,10:33:00,10:35:00,75,10,5
533,8e91128f8e24876b1bc2cc200d638634a922d50c,26,10:34:50,10:36:45,50,11,3
534,94ce33518a716eafad0819312c8bb34b9771759b,26,10:34:49,10:36:17,30,5,10
535,6b99092afd7056af7e167ac33bf68841a9a11d0e,26,10:33:00,10:34:00,40,45,50
536,4fd36a8ed8261fc6858273d10ff5cf1947efefa9,26,10:33:31,10:37:14,56,7,1
537,acac630af110626f8034fda62f21e7a22e9e8ff5,26,10:33:19,10:35:00,55,10,3
538,07d1833706f1dc12479c6e9738ea5e2b9f20fca0,26,10:34:00,10:36:00,40,9,3
539,4e885216ce5fd7e0945236030d8b5c5fc3cccbe6,26,10:25:00,10:40:00,60,10,9
540,d29d0c0ce1013d57aee69748695906ae26eaddb7,26,10:34:00,10:38:00,60,11,7
541,0c8a50bdc21f90aa622ef8b29d15a1d54f581447,26,10:35:10,10:37:00,60,13,9
542,3438db9af3b410eeb9f97aafbd7ca047d0fd2623,26,10:30:00,10:32:00,55,12,6
543,819e294eb9586f5112153c23c8682ef542060074,26,10:32:00,10:35:00,75,60,60
544,f0bc1851c2b64232d60dc4c314cbe75aa6124e03,26,10:33:00,10:37:00,35,50,30
545,94fd7dfb3f130df5ccb89004fb6520e77403cb20,26,10:33:20,10:35:40,60,50,60
546,4fe76e2353ece57a4ee7069506b525597f8ee5e7,26,10:33:51,10:36:41,45,50,5
547,d6336310949bee3772f0d50b4d30c8ab45a26498,26,10:30:00,10:34:00,50,65,40
548,217ede9095be278c114d5496bdcf42750d1655a0,26,10:34:00,10:36:00,60,50,5
549,3c3a8482fc27025a7a5b384c4c17978713a354db,26,10:33:00,10:36:00,75,9,3
550,589c587c17c520cb7f727f442b762693a32fddec,26,10:34:00,10:35:00,60,11,3
551,b612a2555644425ba02b913d648bb06671797f4e,26,10:32:00,10:33:00,30,10,10
553,8a8f435cd46556d85334afdbb0970ea1bd08afe8,27,19:29:00,19:31:00,50,60,20
554,2f04c6027b44c3a49a4690b06273f006297d0ddd,27,19:29:00,19:30:00,40,10,6
555,1b61b40ada3f4d533c10a087b42eb922a4044449,27,19:30:00,19:32:30,50,50,30
556,3d4e218b42279d43eff29b9f14cc42084d9be3a3,27,19:29:28,19:31:20,60,12,11
557,2c458829fb4835cec11b0b8069ea6030a62a6eb2,27,19:23:36,19:27:15,0,15,3
558,ae7e83440d68663052897b79e912e157ad86c737,27,19:30:00,19:32:00,70,11,11
559,cc7c7a425a611f0614ce8867df5432356308c47c,27,19:29:00,19:31:00,28,50,30
560,7fd2c7812315a084caf484f17d64a99fea519cb9,27,19:23:00,19:25:00,90,10,15
561,ae7e83440d68663052897b79e912e157ad86c737,28,19:53:00,19:55:00,70,11,11
563,1b61b40ada3f4d533c10a087b42eb922a4044449,28,19:53:00,19:54:00,60,12,10
564,12ac11b7c9f55a871ac337a8199d6db1ab660202,28,19:56:25,19:57:15,22,10,6
565,05b56cb43eb8bd8ae83b04bf6faf69c367e4e576,28,20:55:00,20:57:00,80,15,7
566,7fd2c7812315a084caf484f17d64a99fea519cb9,28,20:54:00,20:56:00,90,14,16
567,2f04c6027b44c3a49a4690b06273f006297d0ddd,28,19:54:00,19:55:00,40,11,13
568,8a8f435cd46556d85334afdbb0970ea1bd08afe8,28,19:53:00,19:55:00,84,15,5
569,2c458829fb4835cec11b0b8069ea6030a62a6eb2,28,19:52:00,19:57:36,50,11,10
570,3d4e218b42279d43eff29b9f14cc42084d9be3a3,28,19:52:10,20:00:10,40,11,10
571,99410ca81a3d2065da173a5123c081918941d47c,28,19:59:08,20:01:30,30,5,10
572,affbe09364c76243f3386d320b17a3d32680c9d6,29,13:06:00,13:08:00,90,16,18
574,2a09efa76b8af16c2dbc2dee9b500d8e304f1f9b,29,13:05:55,13:09:28,50,10,8
575,51da40e66cd06b68796a5bb170547e51fd083d99,29,12:57:30,12:59:50,70,11,5
576,3f82864820969d7e6fb225b4ae5560e74e6984a3,29,13:00:00,13:02:00,80,8,10
578,6aae5ca0c6946c7b91816c20eb47758ac152eaa3,29,13:00:00,13:04:00,40,8,5
580,e4318151d371f3accafc50faf1a169430d6f3dbf,29,13:15:00,13:17:00,90,10,1
581,6fdfe31256eab4d2e89c0b592d56b543b2694305,29,13:00:00,13:02:00,80,11,13
582,9d183f99c1dd20b5ea9bcc1c06a6eb5bb7f2f3de,29,13:15:00,00:00:00,80,10,0
584,8a8d2e1160b0a8579aed152e9763c3ed0abeeb8c,29,13:00:00,00:00:00,48,13,10
586,69c9e24fc515c55d55533b000ebd1fa3f25c6bba,29,13:10:00,13:12:00,60,6,20
587,3cb1f69468c959541f83c6d15073163c0d23f644,29,12:58:00,13:02:00,100,15,5
588,82ec7a1a51636d4d42222331e250c6cb78e51de7,29,13:10:00,13:12:00,90,12,14
589,a18ff89df2744c6a3951e1b04c7b6ac32db3723b,29,13:17:40,13:20:00,40,10,11
591,66cc2b1473d0c4c8f9cbddba97451c1218c31274,29,13:00:00,13:02:00,75,10,10
592,f9e7d8f6f3d6dcf2809d481ac94b66825d0be5cb,29,13:00:00,13:02:00,40,10,6
594,f559250be6996d8a37a04c2545dc2be682c4b8b9,29,13:00:00,13:02:00,50,2,4
595,dd8916ecf27266f209a44bdd1a24edc8ecf537c0,29,13:02:00,13:04:00,60,3,4
723,aea7438fba9343c345d497b7a8651872eecb62a7,29,13:15:00,13:20:00,60,15,7
724,0f58d5a5515f1a8a9d179aa58858b67b2f8a3388,29,13:00:00,13:03:00,60,10,5
611,c42dd7401d287ff84a266a0487b2a09818afee31,31,17:01:00,17:03:00,80,10,1
612,3ca1712937de09fde4e2cd52012046fc2d89b2ef,31,17:01:00,17:02:00,40,8,9
613,8b51f0321b77c4983ef8c52e930d982d05371667,31,17:05:00,17:07:00,85,14,3
614,132493f71b2338d162df194e06a539c687429589,31,17:00:00,17:01:00,60,8,11
615,8f60fb3da07219e5a594cfbcbcf7473b703ecf12,31,17:02:00,17:04:00,70,11,20
616,c046693d9af7fed4f2bf25706c35cab6abd69fb2,31,17:00:00,17:04:00,90,15,7
617,0f39023d214eb580f7888550047649c205006f35,31,17:00:00,17:03:30,110,16,11
618,bfb9d7610b13b94c6107dee6b0c2c8e339ceb0a5,31,17:01:00,17:04:00,45,12,3
619,e3ac5d5ddab4ecf916eab2a27e297a1a0a9b86c0,31,17:00:00,17:02:00,35,10,10
620,cc937f4892d262ca607d2858d9aa91138ea97970,31,17:00:00,17:02:01,90,16,15
621,8e854e87d149dad76a06dbd3c9fe5c35cb41161b,31,17:00:00,17:02:00,40,6,1
622,3baf494fc96051c8070227a8747a8a92898717c9,31,17:02:00,17:04:00,105,12,2
623,270686a66abdde79d79e3c1863fea81f34bb7795,31,17:02:01,17:04:59,50,6,14
624,0ccadc4385e2e0e1d25c581748bbd0bce81add15,31,17:01:00,17:04:00,40,4,1
625,2dac88111dfa0ceabcf9cdb35926cafbedb565d8,31,17:00:00,17:00:56,45,7,20
626,3d229c0a50e5342109b114173e52dc0bb9ae27ef,31,17:00:47,17:05:00,85,10,5
627,a345eeed710df734b6261ca281b153f513b42574,31,17:01:00,17:02:00,50,10,1
628,e40602b3fb3e5628269aeac48affe61256900d20,31,17:01:00,17:02:00,70,12,2
629,3855786bdf8946cd8d1aa875448ec5bcdce6e5d4,31,17:01:30,17:03:11,45,8,10
630,3cde891172dfd866aaabcf3b787774435d43fa93,31,17:01:29,17:09:25,70,14,13
631,3113e9594300fe594c0dfb0ac408796e9ac5de03,31,17:01:21,17:03:46,50,9,7
632,a027edb1f2fb20e10d8ffa0a6da8759aebcd60e5,31,17:00:00,17:01:00,55,11,16
633,f96a48ae6a836a731266b4a0583202a64cfd1b4c,31,17:00:00,17:10:00,90,12,15
634,6c95c5b53566f7df941138181e1475d30fbd7b39,31,17:01:11,17:03:52,60,14,13
635,1864d661de2657d36be2ab843debf86d96baaf4a,31,17:02:00,17:03:18,75,12,18
636,bb69e9a98b7650f01d40bd43789796c8730fc926,31,17:01:00,17:04:32,30,15,14
637,fe656848d9af436e1c7365b95e95e14dc302b6db,31,17:02:00,17:20:00,80,16,12
638,f2d1b7a7e0b67f4e79035840998aa392266a999b,31,17:01:00,17:05:00,90,14,10
639,217ede9095be278c114d5496bdcf42750d1655a0,32,09:57:00,09:59:00,50,10,8
640,f0bc1851c2b64232d60dc4c314cbe75aa6124e03,32,09:57:00,09:58:00,35,10,3
641,5d3f2d1bdee96f06f05e0bd32800c22f189cdadc,32,09:59:00,10:01:00,42,7,6
642,1b739756e31fe5ba805194713bc214bcce15d241,32,09:57:25,09:59:43,50,10,5
643,3c3a8482fc27025a7a5b384c4c17978713a354db,32,09:58:00,10:00:00,40,8,4
646,4fe76e2353ece57a4ee7069506b525597f8ee5e7,32,09:58:33,09:59:30,43,10,1
647,94ce33518a716eafad0819312c8bb34b9771759b,32,09:57:48,09:59:35,40,6,20
648,acac630af110626f8034fda62f21e7a22e9e8ff5,32,09:57:15,10:00:00,53,11,13
649,8e91128f8e24876b1bc2cc200d638634a922d50c,32,09:56:00,10:00:00,55,11,3
650,07d1833706f1dc12479c6e9738ea5e2b9f20fca0,32,09:58:00,10:00:00,40,8,3
651,1ff4a897d5fbb535f650f6d62a0d80bccc1f5f4b,32,09:57:35,10:01:00,50,9,13
652,0c8a50bdc21f90aa622ef8b29d15a1d54f581447,32,10:00:00,10:02:00,58,11,5
653,6f8c374e3a112b03a7cf944b0d6df68165c9db2a,32,09:57:00,10:00:00,60,10,5
654,589c587c17c520cb7f727f442b762693a32fddec,32,10:00:00,10:02:00,60,10,1
655,b612a2555644425ba02b913d648bb06671797f4e,32,09:57:00,09:59:00,10,8,11
656,4fd36a8ed8261fc6858273d10ff5cf1947efefa9,32,09:57:43,10:00:44,50,7,1
657,a9ea7d2eacb9faa6ce3756b865a1671df519e9b8,32,09:57:00,09:59:00,35,7,5
658,d29d0c0ce1013d57aee69748695906ae26eaddb7,32,09:57:00,10:00:00,40,10,5
659,44e2ba105b6063da000ad96bd21b8c74f253477c,32,10:03:01,10:03:59,40,10,1
660,6b99092afd7056af7e167ac33bf68841a9a11d0e,32,09:57:00,09:59:00,50,10,6
661,67c10457de73e85f1655179a43997d57e98a0832,32,09:56:50,09:59:20,50,10,3
662,bf8fc56a1b9cfc9192ad6430624a911cdacdb41b,32,09:57:00,09:58:00,50,10,4
663,6f9f96426b0f1b321bae5da03bf78c6b43e596fb,32,09:57:00,09:59:00,30,10,6
664,f269f41ad6e721bb046ac28ab87cefbeba8ab3d2,32,09:57:04,10:00:05,20,9,2
665,8c9fc522b15cccd6def7b3b2483486f7cb9f9ea5,32,09:57:00,10:00:00,50,11,10
666,3438db9af3b410eeb9f97aafbd7ca047d0fd2623,32,10:00:00,10:02:00,85,14,10
667,4e885216ce5fd7e0945236030d8b5c5fc3cccbe6,32,09:57:00,10:00:00,60,8,9
668,4ab61ac49e47d4d33ea5f4ebb1ac6c84cb5b6039,32,09:58:00,10:02:00,70,11,6
669,94fd7dfb3f130df5ccb89004fb6520e77403cb20,32,09:57:45,09:58:50,80,9,17
671,8b11c6d53d770d9c7dd507cab22d5f691e26bcdc,32,09:59:00,10:03:00,30,8,4
596,7f0859272a26991bc8aab2bc81d0e0842ee6633e,30,12:12:00,12:14:00,70,10,13
597,688a4ca2ff15d0094e9839a64e6ebf43ed47879c,30,12:15:40,12:24:25,40,10,9
598,e516dbf7ba684aa66a5e449bdf387a80d02d7bb4,30,12:16:00,12:18:52,40,14,20
599,ea8c2a2c984191ea5ed05fc6433932cb24e6427e,30,12:13:20,12:15:40,90,15,15
601,6be5d6c17a6e1f77675c628930b9af8475db24cb,30,12:10:56,12:12:46,42,10,1
602,4c21efd175de0cbc672f73b01d9e3e007ef4824c,30,12:12:20,12:14:30,90,12,11
603,9acc9bf010c5d2ba8abeb14f1e956a4af583ff3e,30,12:15:00,12:17:00,50,6,2
604,431a42656e346ff5ddd7c653ae8199854be96ea9,30,12:11:30,12:12:57,30,10,1
605,c73379e7a55b2ed6cb0723d223b0aeb18ba18414,30,12:12:01,12:13:43,45,9,2
606,ad307ea4162ac7cd141298dd95b05cbdcc395336,30,12:15:00,12:17:00,40,8,5
607,965bb8e393ec2a6db27f7030ff85170eb2fc6825,30,12:11:00,12:12:30,50,11,10
608,6ef894501c9215c6ae4e3d4bd4a658feda79b853,30,12:11:38,12:14:27,45,7,9
609,11fa4363ec9b14b586d5d21471a47fa12e92218d,30,12:19:00,12:21:00,45,10,19
610,f50e7d4e4d07c093b3bd6fcf6add812678ce3ce8,30,12:11:43,12:14:21,30,5,7
722,84bc82a19b53aac866cfee51a3c2c28de48cf116,30,12:10:00,12:12:00,40,10,12
672,c42dd7401d287ff84a266a0487b2a09818afee31,33,17:03:00,17:04:00,30,6,1
673,3ca1712937de09fde4e2cd52012046fc2d89b2ef,33,17:03:00,17:05:00,30,7,6
674,8e854e87d149dad76a06dbd3c9fe5c35cb41161b,33,17:04:00,17:06:00,3,5,1
675,cc937f4892d262ca607d2858d9aa91138ea97970,33,17:02:00,17:04:00,90,15,6
676,bfb9d7610b13b94c6107dee6b0c2c8e339ceb0a5,33,17:03:00,17:05:00,55,10,5
677,8f60fb3da07219e5a594cfbcbcf7473b703ecf12,33,17:04:00,17:05:00,80,11,20
678,c046693d9af7fed4f2bf25706c35cab6abd69fb2,33,17:04:00,17:06:00,70,12,4
679,0f39023d214eb580f7888550047649c205006f35,33,17:04:10,17:07:50,40,11,11
680,e3ac5d5ddab4ecf916eab2a27e297a1a0a9b86c0,33,17:02:00,17:05:00,5,11,10
681,270686a66abdde79d79e3c1863fea81f34bb7795,33,17:05:23,17:06:50,20,14,4
682,a027edb1f2fb20e10d8ffa0a6da8759aebcd60e5,33,17:03:00,17:05:00,75,13,17
683,3855786bdf8946cd8d1aa875448ec5bcdce6e5d4,33,17:04:25,17:06:30,32,5,6
684,3cde891172dfd866aaabcf3b787774435d43fa93,33,17:10:08,17:12:00,40,10,9
685,f96a48ae6a836a731266b4a0583202a64cfd1b4c,33,17:03:00,17:10:00,90,10,1
686,3113e9594300fe594c0dfb0ac408796e9ac5de03,33,17:15:23,17:17:03,40,9,1
687,00ad36b687fdcd2c99c49038826b07bc76c441ff,33,17:04:00,17:05:00,80,10,8
688,3baf494fc96051c8070227a8747a8a92898717c9,33,17:10:00,17:12:30,93,11,2
689,0ccadc4385e2e0e1d25c581748bbd0bce81add15,33,17:04:00,17:05:00,30,10,1
690,2dac88111dfa0ceabcf9cdb35926cafbedb565d8,33,17:04:40,17:05:35,69,10,19
691,e40602b3fb3e5628269aeac48affe61256900d20,33,17:04:00,17:06:00,40,14,4
692,a345eeed710df734b6261ca281b153f513b42574,33,17:04:00,17:05:00,30,10,1
693,6c95c5b53566f7df941138181e1475d30fbd7b39,33,17:04:50,17:06:55,20,5,15
694,94fd7dfb3f130df5ccb89004fb6520e77403cb20,34,10:25:50,10:27:05,80,13,15
695,44e2ba105b6063da000ad96bd21b8c74f253477c,34,10:26:00,10:27:22,40,11,1
696,8c9fc522b15cccd6def7b3b2483486f7cb9f9ea5,34,10:26:00,10:29:00,40,6,5
697,d98f63e021585d4ecb68223e9e26bc5a364f0f61,34,10:25:14,10:26:48,50,11,2
698,4fe76e2353ece57a4ee7069506b525597f8ee5e7,34,10:25:11,10:26:42,55,10,1
699,217ede9095be278c114d5496bdcf42750d1655a0,34,10:24:00,10:26:00,50,11,4
700,f269f41ad6e721bb046ac28ab87cefbeba8ab3d2,34,10:25:06,10:27:35,50,11,4
701,acac630af110626f8034fda62f21e7a22e9e8ff5,34,10:26:54,10:28:09,60,12,11
702,8e91128f8e24876b1bc2cc200d638634a922d50c,34,10:25:00,10:30:15,50,10,2
703,d29d0c0ce1013d57aee69748695906ae26eaddb7,34,10:20:00,10:28:00,50,9,10
704,a9ea7d2eacb9faa6ce3756b865a1671df519e9b8,34,10:25:00,10:27:00,40,8,8
705,3438db9af3b410eeb9f97aafbd7ca047d0fd2623,34,10:30:00,10:32:00,80,13,5
706,f0bc1851c2b64232d60dc4c314cbe75aa6124e03,34,10:26:00,10:29:00,53,12,5
707,5d3f2d1bdee96f06f05e0bd32800c22f189cdadc,34,10:27:00,10:30:00,50,10,9
708,07d1833706f1dc12479c6e9738ea5e2b9f20fca0,34,10:26:00,10:29:00,50,5,3
709,67c10457de73e85f1655179a43997d57e98a0832,34,10:25:10,10:28:30,50,8,9
710,6f9f96426b0f1b321bae5da03bf78c6b43e596fb,34,10:27:00,10:29:00,30,10,5
711,6f8c374e3a112b03a7cf944b0d6df68165c9db2a,34,10:26:00,10:28:00,85,1,7
712,1ff4a897d5fbb535f650f6d62a0d80bccc1f5f4b,34,10:26:31,10:50:10,80,12,9
713,589c587c17c520cb7f727f442b762693a32fddec,34,10:30:00,10:32:00,60,15,4
714,4252e5f6d6d80a9364108ccabbce5649c05d6241,34,10:25:00,10:26:00,40,13,5
715,4ab61ac49e47d4d33ea5f4ebb1ac6c84cb5b6039,34,10:25:00,10:28:00,70,13,6
716,6b99092afd7056af7e167ac33bf68841a9a11d0e,34,10:25:00,10:25:00,80,9,8
717,4e885216ce5fd7e0945236030d8b5c5fc3cccbe6,34,10:25:42,10:26:00,40,9,10
718,4fd36a8ed8261fc6858273d10ff5cf1947efefa9,34,10:26:45,10:28:46,58,8,1
719,1b739756e31fe5ba805194713bc214bcce15d241,34,10:26:13,10:28:08,50,10,2
720,429fbd3acf9ae8588f436035ca921a3d36ae0ae5,34,10:25:00,10:27:00,80,15,1
721,8b11c6d53d770d9c7dd507cab22d5f691e26bcdc,34,10:28:00,10:31:00,50,14,5
725,fe656848d9af436e1c7365b95e95e14dc302b6db,35,16:52:00,16:57:00,40,10,3
726,f96a48ae6a836a731266b4a0583202a64cfd1b4c,35,16:50:00,17:57:00,80,13,15
727,cc937f4892d262ca607d2858d9aa91138ea97970,35,16:50:00,16:52:00,80,11,11
728,a027edb1f2fb20e10d8ffa0a6da8759aebcd60e5,35,16:51:00,16:53:00,73,12,14
729,270686a66abdde79d79e3c1863fea81f34bb7795,35,16:51:55,16:55:09,60,5,12
730,2dac88111dfa0ceabcf9cdb35926cafbedb565d8,35,16:51:05,16:52:30,70,8,11
731,d04ba947ee92535e60d253fc33dc5ac5e5cbdf41,35,16:52:00,16:55:00,60,10,10
732,00ad36b687fdcd2c99c49038826b07bc76c441ff,35,16:51:00,16:53:00,90,13,11
733,bfb9d7610b13b94c6107dee6b0c2c8e339ceb0a5,35,16:50:00,16:55:00,55,5,4
734,e3ac5d5ddab4ecf916eab2a27e297a1a0a9b86c0,35,16:50:00,16:55:00,5,10,10
735,5f4a2df4f6d5d643562b29e3400f68302d2d8e9d,35,16:51:00,16:52:00,60,10,6
736,3113e9594300fe594c0dfb0ac408796e9ac5de03,35,16:51:13,16:52:46,40,4,1
737,8f60fb3da07219e5a594cfbcbcf7473b703ecf12,35,16:49:00,16:51:00,40,11,20
738,3cde891172dfd866aaabcf3b787774435d43fa93,35,16:58:07,16:59:45,60,13,12
739,8e854e87d149dad76a06dbd3c9fe5c35cb41161b,35,16:51:00,16:52:00,30,5,2
740,0f39023d214eb580f7888550047649c205006f35,35,16:49:55,16:56:13,35,8,11
741,c42dd7401d287ff84a266a0487b2a09818afee31,35,16:50:00,16:53:00,30,9,1
742,3baf494fc96051c8070227a8747a8a92898717c9,35,13:20:00,13:21:30,65,11,2
743,e40602b3fb3e5628269aeac48affe61256900d20,35,16:50:00,16:52:00,80,12,5
744,c046693d9af7fed4f2bf25706c35cab6abd69fb2,35,16:51:00,16:54:00,42,13,4
745,3ca1712937de09fde4e2cd52012046fc2d89b2ef,35,16:51:00,16:54:00,50,8,8
746,3855786bdf8946cd8d1aa875448ec5bcdce6e5d4,35,16:50:30,16:52:30,43,6,10
747,132493f71b2338d162df194e06a539c687429589,35,16:51:00,16:52:00,50,7,7
748,a836999d18aac28e427d5ecebf86b7da79103732,36,13:17:00,13:20:00,70,10,10
749,ea8c2a2c984191ea5ed05fc6433932cb24e6427e,36,13:17:35,13:20:40,76,16,15
750,965bb8e393ec2a6db27f7030ff85170eb2fc6825,36,13:15:50,13:16:20,50,11,1
751,e7be41ae619bf90ac36d6b5afd00ae68922e3ac4,36,13:22:00,13:30:00,108,17,16
752,7f0859272a26991bc8aab2bc81d0e0842ee6633e,36,13:13:00,13:22:00,100,16,17
753,51eb467138c8309c15542ce202aa3fa463b062f6,36,13:13:00,13:20:00,63,11,18
754,6ef894501c9215c6ae4e3d4bd4a658feda79b853,36,13:18:48,13:19:43,40,10,12
755,9acc9bf010c5d2ba8abeb14f1e956a4af583ff3e,36,13:18:00,13:19:00,20,6,1
756,431a42656e346ff5ddd7c653ae8199854be96ea9,36,13:18:02,13:19:04,40,10,1
757,11fa4363ec9b14b586d5d21471a47fa12e92218d,36,13:24:00,13:25:00,60,10,18
758,f50e7d4e4d07c093b3bd6fcf6add812678ce3ce8,36,13:19:00,13:21:12,40,8,6
759,e516dbf7ba684aa66a5e449bdf387a80d02d7bb4,36,13:16:08,13:18:00,40,11,20
760,688a4ca2ff15d0094e9839a64e6ebf43ed47879c,36,13:24:20,13:28:40,48,8,9
761,ad307ea4162ac7cd141298dd95b05cbdcc395336,36,13:24:00,13:29:00,60,15,10
785,01b5f7c30d4e60086027000233659eec14672b75,39,17:08:00,17:09:00,60,14,4
786,f96a48ae6a836a731266b4a0583202a64cfd1b4c,39,17:00:00,17:10:00,90,6,7
787,132493f71b2338d162df194e06a539c687429589,39,17:08:00,17:09:00,46,6,10
788,cc937f4892d262ca607d2858d9aa91138ea97970,39,17:05:00,17:09:00,80,10,6
789,a345eeed710df734b6261ca281b153f513b42574,39,17:08:00,17:10:00,30,11,1
790,e3ac5d5ddab4ecf916eab2a27e297a1a0a9b86c0,39,17:07:00,17:10:00,8,10,10
791,0f39023d214eb580f7888550047649c205006f35,39,17:07:45,17:09:55,10,6,2
792,3ca1712937de09fde4e2cd52012046fc2d89b2ef,39,17:08:00,17:11:00,45,9,7
793,8b51f0321b77c4983ef8c52e930d982d05371667,39,17:00:00,17:01:00,30,5,7
794,e40602b3fb3e5628269aeac48affe61256900d20,39,17:06:00,17:08:00,30,8,4
796,fe656848d9af436e1c7365b95e95e14dc302b6db,39,17:07:00,17:13:00,40,10,5
797,c42dd7401d287ff84a266a0487b2a09818afee31,39,17:07:00,17:10:00,50,6,1
798,5f4a2df4f6d5d643562b29e3400f68302d2d8e9d,39,17:08:00,17:09:00,43,13,2
799,8f60fb3da07219e5a594cfbcbcf7473b703ecf12,39,17:07:00,17:09:00,80,15,20
800,d04ba947ee92535e60d253fc33dc5ac5e5cbdf41,39,17:06:00,17:08:00,60,10,10
801,c046693d9af7fed4f2bf25706c35cab6abd69fb2,39,17:07:00,17:10:00,15,6,1
802,bfb9d7610b13b94c6107dee6b0c2c8e339ceb0a5,39,17:05:07,17:10:00,40,6,3
762,94fd7dfb3f130df5ccb89004fb6520e77403cb20,37,09:50:10,09:51:23,60,11,8
764,6b99092afd7056af7e167ac33bf68841a9a11d0e,37,09:49:00,09:50:00,40,10,8
765,a9ea7d2eacb9faa6ce3756b865a1671df519e9b8,37,09:48:00,09:52:00,46,8,8
766,4e885216ce5fd7e0945236030d8b5c5fc3cccbe6,37,09:50:00,09:52:00,40,10,9
767,429fbd3acf9ae8588f436035ca921a3d36ae0ae5,37,09:48:00,09:50:00,40,12,1
768,4fd36a8ed8261fc6858273d10ff5cf1947efefa9,37,09:49:42,09:51:34,56,4,2
769,1b739756e31fe5ba805194713bc214bcce15d241,37,09:49:55,09:51:03,40,10,1
770,f269f41ad6e721bb046ac28ab87cefbeba8ab3d2,37,09:50:08,09:52:02,40,13,3
771,217ede9095be278c114d5496bdcf42750d1655a0,37,09:48:00,09:50:00,40,11,8
772,4fe76e2353ece57a4ee7069506b525597f8ee5e7,37,09:50:11,09:51:42,43,10,1
773,1ff4a897d5fbb535f650f6d62a0d80bccc1f5f4b,37,09:50:40,09:52:10,45,9,8
774,99410ca81a3d2065da173a5123c081918941d47c,38,20:41:20,20:42:35,40,9,11
775,2c458829fb4835cec11b0b8069ea6030a62a6eb2,38,20:28:15,20:33:20,40,12,1
776,8a8f435cd46556d85334afdbb0970ea1bd08afe8,38,20:34:00,20:35:00,103,16,5
777,1b61b40ada3f4d533c10a087b42eb922a4044449,38,20:34:00,20:35:00,80,14,9
778,3d4e218b42279d43eff29b9f14cc42084d9be3a3,38,20:35:00,20:35:20,40,12,11
779,12ac11b7c9f55a871ac337a8199d6db1ab660202,38,20:36:35,20:39:00,55,11,11
780,7fd2c7812315a084caf484f17d64a99fea519cb9,38,20:32:00,20:34:00,90,15,17
781,b5a74957c0c4bf00c1c3ca582e54f5573dfc7ec9,38,20:32:00,20:33:00,40,11,15
782,c4b27f12f73f6300d75f7c5ced1a81e47468e8fa,38,20:36:00,20:37:00,10,2,2
783,cc7c7a425a611f0614ce8867df5432356308c47c,38,20:36:00,20:37:00,75,14,2
784,05b56cb43eb8bd8ae83b04bf6faf69c367e4e576,38,20:38:45,20:40:30,110,18,9
